{
  "version": "2.4.18",
  "buildNumber": 18,
  "releaseDate": "2025-10-21",
  "channel": "stable",
  "minimumVersion": "2.0.0",
  "download_url": "https://github.com/edukshare-max/UPDATE_CRES_CARNET_/raw/master/releases/installers/CRES_Carnets_Setup_v2.4.18.exe",
  "changelog": [
    {
      "version": "2.4.18",
      "date": "2025-10-21",
      "changes": [
        "🚀 Sistema mejorado de guardado de notas",
        "🛡️ Protección contra guardados duplicados",
        "💬 Feedback visual claro: verde (nube), naranja (local), rojo (error)",
        "🔄 Botón inteligente con spinner durante guardado",
        "📊 Sincronización con detalles de errores por nota"
      ]
    },
    {
      "version": "2.4.13",
      "date": "2025-10-16",
      "changes": [
        "➕ Nueva pantalla dedicada para ver y sincronizar datos pendientes",
        "🔍 Mejoras en logging de errores de sincronización para diagnóstico",
        "📋 Vista detallada de carnets, notas, citas y vacunaciones pendientes",
        "🔄 Botón dedicado de sincronización con contador de registros",
        "✨ Interfaz mejorada para gestión de datos offline"
      ]
    },
    {
      "version": "2.4.12",
      "date": "2025-10-13",
      "changes": [
        "Refresco automático de notas en la nube al volver a la pantalla",
        "Botón manual de sincronización y limpieza con feedback inmediato",
        "Invalidación de caché de notas tras cada subida para evitar listas vacías",
        "Instalador Windows actualizado con mejoras de estabilidad"
      ]
    },
    {
      "version": "2.4.11",
      "date": "2025-10-13",
      "changes": [
        "Sincronización de notas con createdAt preservado",
        "Diagnósticos detallados para campos synced pendientes",
        "Actualización de scripts de mantenimiento y verificación"
      ]
    },
    {
      "version": "2.4.10",
      "date": "2025-10-13",
      "changes": [
        "Correcciones al pipeline de sincronización automática",
        "Nuevo panel de limpieza de base de datos local",
        "Mejor manejo de reconexión tras trabajar sin internet"
      ]
    },
    {
      "version": "2.4.9",
      "date": "2025-10-12",
      "changes": [
        "Fix: Reconocimiento de notas antiguas pendientes de sincronizar",
        "Logs detallados para flujos de subida y conciliación",
        "Botón dedicado de sincronización manual"
      ]
    },
    {
      "version": "2.4.8",
      "date": "2025-10-12",
      "changes": [
        "Fix: Logout offline estable",
        "Limpieza guiada de base de datos local",
        "Mejoras a instalador Windows sin privilegios elevados"
      ]
    },
    {
      "version": "2.4.4",
      "date": "2025-10-13",
      "changes": [
        "Fix CRÍTICO: Login offline ahora funciona correctamente después del primer acceso",
        "Fix: Timeout de conexión reducido de 15s a 5s para acceso offline más rápido",
        "Mejora: Si hay cache válido y no hay internet, va directo a modo offline",
        "Mejora: Logs detallados para diagnóstico de problemas de conexión"
      ]
    },
    {
      "version": "2.4.3",
      "date": "2025-10-13",
      "changes": [
        "Fix CRÍTICO: Guardado y edición de carnets ahora funciona correctamente",
        "Fix: Modo offline permite guardar carnets sin conexión",
        "Mejora: Permisos de escritura corregidos en instalador Windows",
        "Mejora: Base de datos se guarda en Documents (sin permisos de admin)"
      ]
    },
    {
      "version": "2.4.2",
      "date": "2025-10-12",
      "changes": [
        "Fix: Permisos de red corregidos para Android",
        "Fix: Conexión a internet funcional en dispositivos móviles",
        "APKs optimizados por arquitectura (19-22 MB vs 60 MB)",
        "Mejoras en permisos de almacenamiento para Android 13+"
      ]
    },
    {
      "version": "2.4.1",
      "date": "2025-10-11",
      "changes": [
        "Fix: Sistema de actualización automática funcional con instalador profesional",
        "Odontograma Profesional dual: infantil (20 dientes) y adulto (32 dientes)",
        "5 superficies por diente con click directo",
        "14 condiciones dentales con colores profesionales",
        "PDF A4 horizontal optimizado y centrado",
        "5 Tests de Psicología: Hamilton, Beck, DASS-21, Plutchik, MBI",
        "Mejoras UX: paneles optimizados, feedback inmediato, card discreta"
      ]
    },
    {
      "version": "2.4.0",
      "date": "2025-10-11",
      "changes": [
        "Odontograma Profesional dual: infantil (20 dientes) y adulto (32 dientes)",
        "5 superficies por diente con click directo",
        "14 condiciones dentales con colores profesionales",
        "PDF A4 horizontal optimizado y centrado",
        "5 Tests de Psicología: Hamilton, Beck, DASS-21, Plutchik, MBI",
        "Mejoras UX: paneles optimizados, feedback inmediato, card discreta"
      ]
    },
    {
      "version": "2.3.2",
      "date": "2025-10-10",
      "changes": [
        "Sistema de instalador profesional",
        "88 instituciones UAGro implementadas",
        "Autocompletado inteligente en panel admin",
        "Sistema de autenticación completo",
        "Modo híbrido online/offline"
      ]
    },
    {
      "version": "2.3.1",
      "date": "2025-10-10",
      "changes": [
        "88 instituciones organizadas por categoría",
        "Búsqueda fuzzy en selector de campus",
        "Eliminado endpoint temporal de seguridad"
      ]
    },
    {
      "version": "2.0.0",
      "date": "2025-10-09",
      "changes": [
        "Sistema de autenticación JWT",
        "Modo híbrido inteligente",
        "Sincronización automática"
      ]
    }
  ]
}
